"id","result","implementation_files","verification"
"IMP-01","implemented","src/components/site/main-nav.tsx; src/app/[locale]/sell/page.tsx; src/app/[locale]/blog/page.tsx","Localized navigation and browser link checks"
"IMP-02","implemented","src/lib/content/seller-guides.ts; src/app/[locale]/sell/page.tsx; src/app/[locale]/sell/[slug]/page.tsx","Eight localized static guide pages generated; metadata and browser checks passed"
"IMP-03","implemented-content-only","src/lib/content/locations.ts; src/app/[locale]/locations/page.tsx; src/app/[locale]/locations/[slug]/page.tsx","Eight localized static location pages generated without live-price claims"
"IMP-12","implemented","src/lib/content/seller-guides.ts; src/app/[locale]/sell/[slug]/page.tsx; src/app/[locale]/blog/page.tsx","Server-rendered FAQs plus FAQPage schema verified"
"EV-05","implemented","src/app/[locale]/real-estate-agent-career/page.tsx; messages/de.json; messages/en.json","Localized recruiting route, metadata, and browser checks passed"
"EV-08","implemented-with-verified-boundary","src/app/[locale]/real-estate-agent-career/page.tsx; messages/de.json; messages/en.json","Only existing brand, administration, document, and marketing support claims used"
"EV-09","implemented","src/app/[locale]/real-estate-agent-career/page.tsx; messages/de.json; messages/en.json","Candidate-profile section rendered in both locales"
"EV-10","implemented-static-faq-only","src/app/[locale]/real-estate-agent-career/page.tsx; messages/de.json; messages/en.json","Four recruiting FAQs and FAQPage schema verified; no job feed added"
"VO-01","implemented","src/components/site/home/premium-marketing.tsx; messages/de.json; messages/en.json","Homepage Premium-Vermarktung heading and CTAs verified"
"VO-02","implemented","src/components/site/home/premium-marketing.tsx; messages/de.json; messages/en.json","Original photography/video module; no competitor media"
"VO-03","implemented-without-unverified-claim","src/components/site/home/premium-marketing.tsx; messages/de.json; messages/en.json","Drone copy omitted because the service was not substantiated"
"VO-04","implemented","src/components/site/home/premium-marketing.tsx; messages/de.json; messages/en.json","Virtual-staging module uses explanatory copy only"
"VO-05","implemented-local-only","src/components/site/home/premium-marketing.tsx; public/immonation-presentation-video.mp4","Local video source verified; zero external iframes in the section"
"VO-06","implemented","src/components/site/home/premium-marketing.tsx; messages/de.json; messages/en.json","Existing portal, buyer-network, and social distribution language used"
"VO-07","implemented","src/components/site/home/premium-marketing.tsx; messages/de.json; messages/en.json","Expose, floor-plan, and document-preparation module rendered"
"EVE-09","implemented","src/app/[locale]/blog/page.tsx; messages/de.json; messages/en.json","Six category gateways rendered in both locales"
"EVE-10","implemented-as-reviewed-resource-gateway","src/app/[locale]/blog/page.tsx; src/app/[locale]/downloads/page.tsx","Knowledge hub links to the existing gated downloads surface; no unapproved files published"
"EVE-11","implemented-faq-only","src/app/[locale]/blog/page.tsx; messages/de.json; messages/en.json","Knowledge-hub FAQ and FAQPage schema verified; newsletter excluded"
